username,userid,profile_location,created_at,text,retweet_count,source,coordinates
James Johnson,1128332041949286400,Seattle,2019-05-14 16:11:36,@KatiePhang Makes no difference. Chauvin continued to hold his knee on Floyd's neck a full 3 minutes after he loss‚Ä¶ https://t.co/wfvdng2BQ8,0,Twitter Web App,
Mona Austin,20745988,National,2009-02-13 03:55:51,BREAKING: Officer Kim Potter has been charged with 2nd degree manslaughter in the death of Daunte Wright. #BLM #DaunteWright #SayHisName,0,Twitter Web App,
üá∫üá∏The American Reveilleüá∫üá∏,1244142766851887104,"Seattle, WA",2020-03-29 06:02:13,"üî• üò† The Hard Truth About Duante Wright, the Cop that Killed Him, and the Ongoing Riots | Ep 122

#duantewright‚Ä¶ https://t.co/9YiOQTIMn3",0,Twitter for iPhone,
Dawn Allen,481703535,"Seattle, WA",2012-02-03 02:43:10,Why can‚Äôt others understand that their experiences and not shared by everyone? #think #frustrated #blm,0,Twitter for iPhone,
babakofi,18578953,"Seattle, WA",2009-01-03 13:25:46,"Joe Biden‚Äôs Response to Daunte Wright‚Äôs Murder is Tone Deaf and Infuriating #BLM
https://t.co/ICi1YNejtb https://t.co/rJxortrjw6",0,Hootsuite Inc.,
Christopher E. Stith,337563460,"Houston, TX",2011-07-18 06:49:53,"RT @MHarbingerSFF: Hey, let's just for a moment‚ÄîI mean, JUST FOR A FRACTION OF A SECOND‚Äîlet's try to imagine THE HORRORS that were being pe‚Ä¶",1,Twitter Web App,
Conrad Harney,3291801711,"Seattle, WA",2015-05-20 19:57:18,"@nowthisnews Either way, a life was lost, Simply put, a life lost. Sad. Yes We need rehaul training of PD &amp; he shou‚Ä¶ https://t.co/UnkIPgNPPf",0,Twitter for Android,
TJM,348789538,"Seattle, WA",2011-08-05 00:41:52,"Black Lives Matter. If this doesn‚Äôt speak to you, Unfriend me/Unfollow me because that shows me that you wouldn‚Äôt c‚Ä¶ https://t.co/254GL2ysW2",0,Instagram,
James Holt,1305388932461481984,,2020-09-14 06:13:33,RT @SleepyAddicts: üî•Geez- new fencing around Lafayette PaRk in DC-prepping for pointless riots/protests #BLM #ANTIFA üôÑ enough already!! Not‚Ä¶,1,Twitter for Android,
Sleepy Hollow Addict,2224226376,Seattle,2013-12-01 04:44:50,üî•Geez- new fencing around Lafayette PaRk in DC-prepping for pointless riots/protests #BLM #ANTIFA üôÑ enough already!‚Ä¶ https://t.co/P0KpHBR5rD,1,Twitter for iPhone,
Dawn Dailey,3291470983,"Seattle, WA",2015-07-25 00:26:44,"This Saturday, please show solidarity with the API community at Hing Hay Park. Thank you. #stopasianhate #blm‚Ä¶ https://t.co/16VSJi7Tqb",0,Twitter for Android,
Nikale Renoir,29913066,"Tacoma, WA",2009-04-09 03:46:42,A misdemeanor is not the same as a felony. A taser is not the same as a 9mm handgun. #DaunteWright wasn‚Äôt dangerous‚Ä¶ https://t.co/Z0M4zSfzWE,0,Twitter for iPhone,
Mark R R Writer R R sorry R R engine won't start,882062717682503680,"Seattle, WA",2017-07-04 02:25:14,"Hey, let's just for a moment‚ÄîI mean, JUST FOR A FRACTION OF A SECOND‚Äîlet's try to imagine THE HORRORS that were bei‚Ä¶ https://t.co/UwEsmsSjIJ",1,Twitter Web App,
JeffEmig,1353550437207564288,OLYMPIA WA,2021-01-25 03:49:26,#BLM doing #BLM thangs get ready for the summer of love https://t.co/KMgM76WzL4,1,Twitter for Android,
nick‚úèÔ∏è (hates freedom),2277092508,sea,2014-01-05 04:38:01,"RT @Sadenochill: ""Enough is enough. We're standing together in solidarity. You will not separate these families. You will not isolate these‚Ä¶",2,Twitter for iPhone,
Ryan,322397118,"Arlington, WA",2011-06-23 03:21:18,"@SamHarrisOrg @KyleKashuv @sullydish Yes the co-founder of #BLM is now a mansion owner, in a predominantly white ne‚Ä¶ https://t.co/V7c5G8wJh4",0,Twitter for Android,
Frankie Pierri,1339997760670470144,"Seattle, WA",2020-12-18 18:15:45,Funny how half the country has NO problem ‚Äúquestioning‚Äù a vaccine and the institutions behind it because they think‚Ä¶ https://t.co/RHscyvLwdk,1,Twitter for iPhone,
Sade' A. Smith (she/her),96160300,"Seattle, WA",2009-12-11 16:42:47,"""Enough is enough. We're standing together in solidarity. You will not separate these families. You will not isolat‚Ä¶ https://t.co/xDrcFJj33m",2,Twitter for Android,
Nikkia T. Carter #BlackLivesMatter #WearAMask,83600197,"Redmond, WA",2009-10-19 13:34:24,‚ÄúWe can‚Äôt address police brutality without addressing #Black grief‚Äù &lt;- Exactly how I feel. We are being traumatized‚Ä¶ https://t.co/PBHt8MABCP,0,Twitter for iPhone,
JSELüá∫üá∏üè≥Ô∏è‚Äçüåàüè≥Ô∏è‚Äç‚ößÔ∏èBLM,743310824500957185,"Tacoma, WA",2016-06-16 05:14:45,We need to change now! #BLM #whiteamerica #American #USA #enoughisenougth https://t.co/8Q70V2kx4l,0,Twitter for iPhone,
James Johnson,1128332041949286400,Seattle,2019-05-14 16:11:36,"RT @jimmyhawk9: Donald Trump #TurnedOutToBeEvil

Born June 14, 1946 under a Blood Moon!
#TrumpLiesEverytimeHeSpeaks #TrumpCoupAttempt #BLM‚Ä¶",5,Twitter Web App,
James Johnson,1128332041949286400,Seattle,2019-05-14 16:11:36,"RT @jimmyhawk9: The Curse's of the True Israelites! ‚ú°Ô∏è
Found in Deut. 28: 14-68

Being Black in America. Still ""The last to be hired and t‚Ä¶",2,Twitter Web App,
James Johnson,1128332041949286400,Seattle,2019-05-14 16:11:36,"RT @jimmyhawk9: @_SJPeace_ @darcwood In Seattle in 1969 Edwin Pratt, the Director of the Urban League was attempting to integrate the Const‚Ä¶",13,Twitter Web App,
James Johnson,1128332041949286400,Seattle,2019-05-14 16:11:36,"RT @jimmyhawk9: @funder @binoyaram Your White Supremacy is showing. It was Black America that propelled the candidacy of Joe Biden, when he‚Ä¶",6,Twitter Web App,
James Johnson,1128332041949286400,Seattle,2019-05-14 16:11:36,"RT @jimmyhawk9: PEP - Progressive Except for Palestine!

America, the only nation in the World to object to an ICC Probe of Israeli War Cri‚Ä¶",2,Twitter Web App,
James Johnson,1128332041949286400,Seattle,2019-05-14 16:11:36,"RT @jimmyhawk9: My faith instructs me to Love One Another.

It also tells me to Hate what God Hates.

God Hates Evil. I Hate Evil.

Therefo‚Ä¶",3,Twitter Web App,
James Johnson,1128332041949286400,Seattle,2019-05-14 16:11:36,RT @jimmyhawk9: Your White Supremacy is showing. Give credit where credit is due. It was Black Folks that pulled America's butt out of the‚Ä¶,6,Twitter Web App,
James Johnson,1128332041949286400,Seattle,2019-05-14 16:11:36,"RT @jimmyhawk9: Peace in the Middle East!

Israel accept the ICC probes into War Crimes, Abandon the idea of a Jewish State, Embrace the Pa‚Ä¶",3,Twitter Web App,
James Johnson,1128332041949286400,Seattle,2019-05-14 16:11:36,"RT @jimmyhawk9: ""To be a Jew means always being with the oppressed and never the oppressors."" ~ Marek Edelman

#BLM
#FreePalestine üáµüá∏
#ICC‚Ä¶",1,Twitter Web App,
James Johnson,1128332041949286400,Seattle,2019-05-14 16:11:36,"RT @jimmyhawk9: ""Man is evil, by nature man is a beast. People have to be educated from childhood, from kindergarten, that there should be‚Ä¶",4,Twitter Web App,
James Johnson,1128332041949286400,Seattle,2019-05-14 16:11:36,"RT @jimmyhawk9: The Tribulation Daily: 2017 to 2024

""Only two things are infinite: the universe and human stupidity, and I'm not sure abou‚Ä¶",2,Twitter Web App,
James Johnson,1128332041949286400,Seattle,2019-05-14 16:11:36,"RT @jimmyhawk9: Tribulation Daily: 2017 - 2024

Human destiny during this most critical time in Human History is being determined by the co‚Ä¶",6,Twitter Web App,
James Johnson,1128332041949286400,Seattle,2019-05-14 16:11:36,RT @jimmyhawk9: @Billieresistor @MajorFactor2 Genesis 15:13-14. The 400 year Chastisement of the Tribe of Judah in America (Daughter of Bab‚Ä¶,1,Twitter Web App,
James Johnson,1128332041949286400,Seattle,2019-05-14 16:11:36,RT @jimmyhawk9: I have not paid much Attention to the #markofthebeast in Revelations. But there are some strange things being said about Hy‚Ä¶,2,Twitter Web App,
Helena,1263553217029459968,,2020-05-21 19:32:28,RT @jimmyhawk9: Today Fareed Zakaria tried to explain why  America is so divided. He mentioned Sarah Palin as a forerunner to Trump (Blame‚Ä¶,2,Twitter for Android,
James Johnson,1128332041949286400,Seattle,2019-05-14 16:11:36,"RT @jimmyhawk9: The Tribulation Daily: 2017 To 2024

America will NOT survive without 100% dedication to the Truth! But does America have T‚Ä¶",1,Twitter Web App,
James Johnson,1128332041949286400,Seattle,2019-05-14 16:11:36,RT @jimmyhawk9: Today Fareed Zakaria tried to explain why  America is so divided. He mentioned Sarah Palin as a forerunner to Trump (Blame‚Ä¶,2,Twitter Web App,
James Johnson,1128332041949286400,Seattle,2019-05-14 16:11:36,RT @jimmyhawk9: @JaneclubOG All Racism and White Supremacy violates God's Law of Love. We should NOT ignore the impact White Supremacy in A‚Ä¶,3,Twitter Web App,
Madessa warren,796807749841645568,"Tacoma, WA",2016-11-10 20:12:26,@instagram What's this Instagram? We can focus on calling out racist to the Asian community  but you allow the #blm‚Ä¶ https://t.co/N4fn6BsDbu,0,Twitter for Android,
Kathy Hickman,440400379,Ellensburg,2011-12-18 23:23:51,RT @JRF253: 7 shots in the back were deemed ‚Äúwithin departmental policy.‚Äù  Disgraceful. #BLM,1,Twitter for iPhone,
Jim Froembling,423133376,"Sumner, Washington",2011-11-28 03:54:03,7 shots in the back were deemed ‚Äúwithin departmental policy.‚Äù  Disgraceful. #BLM https://t.co/Jbsrqfl31r,1,Twitter for iPhone,
Sean P. Floyd (he / him),3342682019,"Seattle, WA",2015-06-23 13:38:05,"Ah, look, our local racist coffee shop is trying to stir up trouble again, this time against a poor homeless woman.‚Ä¶ https://t.co/YwkNnPxp5r",0,Twitter Web App,
Madessa warren,796807749841645568,"Tacoma, WA",2016-11-10 20:12:26,@instagram  why do you feel it's necessary to  condone racism and murder  slander  but here I am non violent talkin‚Ä¶ https://t.co/N6hUBQYnNX,0,Twitter for Android,
#HighRiskCT #CovidisAirborne #VaxUp #MaskUp,2740338237,Home,2014-08-12 00:04:01,@RepMaxineWaters Sleeping while Black ü•≤#BreonnaTaylor #BLM #PoliceReformNow #arrestthecopswhokilledbreonnataylor,0,Twitter for iPhone,
James Johnson,1128332041949286400,Seattle,2019-05-14 16:11:36,RT @jimmyhawk9: @mmpadellan This is so Hypocritical. Police Brutality WILL end as soon as we PURGE all GOP/MAGA Cops. They voted for the Wh‚Ä¶,2,Twitter Web App,
James Johnson,1128332041949286400,Seattle,2019-05-14 16:11:36,"RT @jimmyhawk9: 4.0 earthquake at 4:44 AM in LA, the city of the Angels!

WAKE UP, GOD CALLING!

#444AngelNumber
#Tribulation
#COVID19
#W‚Ä¶",1,Twitter Web App,
Phillip Renz,1263532724,"New York, NY",2013-03-13 04:10:41,"Get ‚Äòem, Pop. #BLM https://t.co/9ewXbWEsms",0,Twitter for iPhone,
Adrian Starks,141286633,"Seattle, Washington",2010-05-07 17:37:24,Sad day for yet another indication that we have so much further to go tackling this inhumane monster called racism.‚Ä¶ https://t.co/V8tCYgHBNZ,0,Twitter Web App,
Lady A,47171691,"Seattle, WA",2009-06-14 20:51:03,Let‚Äôs take the color of skin out of this...A human adult female who‚Äôs job is to protect &amp; serve. Specifically train‚Ä¶ https://t.co/T9psuaFCJu,9,Twitter for Android,
PridePays,1223037153778622464,"Seattle, WA",2020-01-31 00:22:01,"‚ÄúIt‚Äôs up to all of us ‚Äî Black, white, everyone ‚Äî no matter how well-meaning we think we might be, to do the honest,‚Ä¶ https://t.co/WoPpsb2G48",0,Twitter for iPhone,
Rewire,1400122454,USA,2013-05-03 16:20:03,"RT @TransformingPr4: ‚ÄúFor the first time in 27 years, most Americans surveyed by Gallup do not trust the police.‚Äù via @Rewire_dot_org
#Whit‚Ä¶",1,Twitter Web App,
TransformingPrivilege,1346537482058285056,Seattle WA,2021-01-05 19:22:22,"‚ÄúFor the first time in 27 years, most Americans surveyed by Gallup do not trust the police.‚Äù via @Rewire_dot_org‚Ä¶ https://t.co/ON7nlcoAJJ",1,Twitter for Android,
eric anderson,1316580705258799105,"Seattle, WA",2020-10-15 03:24:50,"Barry Brodd is painting a very grim picture of how they train police to resort to violence.
#police #BrooklynCenter‚Ä¶ https://t.co/payeDyBWcx",0,Twitter for iPhone,
Blackstembot,1288887110943027201,,2020-07-30 17:20:30,RT @dgjohnsonm: @kare11 I don‚Äôt want to hear shit about looting and property destruction. The media needs to FOCUS on this young man and ho‚Ä¶,2,Pracyprac,
Jeff Davies,468759217,"Seattle, WA",2012-01-19 21:52:22,@BreeNewsome Just a reminder to @MSNBC that @carmenbest was effectively FIRED from the Seattle Police Dept for her‚Ä¶ https://t.co/bJYRMAoi6w,0,Twitter Web App,
Sean Oliverüí•,4233,"Seattle, WA",2006-08-13 20:15:14,"Sunny skies today
Daunte won't get to see it,
because cops killed him. #BLM",0,TweetDeck,
Kitchen Girl ü•ïüßÖü•¨üßÑüåàüñ§,295759179,"Seattle, WA",2011-05-09 16:28:39,"#SayHisName : DANTE WRIGHT.
Watching Dante‚Äôs beautiful family on TV, seeing their pain, it‚Äôs real, it‚Äôs deep, I cr‚Ä¶ https://t.co/GZUyHqH65g",0,Twitter for iPad,
Wear A Mask Please,1591417495,Seattle,2013-07-13 16:49:50,I just had my weekly phone meeting w/ my supervisor.  She &amp; I both lived in Mpls &amp; still have family and friends in‚Ä¶ https://t.co/yEDCV8gkwm,0,Twitter for Android,
jamie duong ü©¥ü©¥,1335318292978749440,SEATTLE,2020-12-05 20:21:16,"""we need to reimagine policing, in the context of reorganizing them into private equity. oh btw, #BLM"" https://t.co/g8HM9MM1wd",0,Twitter Web App,
Bob Lee MD MS üá∫üá∏,757463602462793728,"Seattle, WA",2016-07-25 06:32:50,"I realized yesterday that Oscar Grant died over 12 years ago. Summarily executed by law enforcement, while handcuff‚Ä¶ https://t.co/aga6njAORi",0,Twitter Web App,
James Johnson,1128332041949286400,Seattle,2019-05-14 16:11:36,"Across America if you are Black and want to almost guarantee being stopped, profiled, or harassed by the Police and‚Ä¶ https://t.co/tUd3FMYbrV",1,Twitter Web App,
babakofi,18578953,"Seattle, WA",2009-01-03 13:25:46,"Cop Fired After Pulling Gun on Army Lieutenant #BLM #PoliceBrutality #DefundThePolice
https://t.co/biVMmqh2M0 https://t.co/Pmg2W7Obcf",0,Hootsuite Inc.,
Lisa Gant,1378064694087348224,Bellingham Washington,2021-04-02 19:20:06,"I am a 40 yr. old white woman, and I am sickened by the death of yet ANOTHER young black man. I hope Chauvin goes d‚Ä¶ https://t.co/wWkzqs0ztm",0,Twitter Web App,
(((Allix DeGraff))),389621884,Seattle,2011-10-12 18:42:35,They‚Äôre pulling back use of the J&amp;J vaccine because of the very remote possibility it could cause harm. Is it reall‚Ä¶ https://t.co/rSeBS5UHLO,0,Twitter for iPhone,
James Johnson,1128332041949286400,Seattle,2019-05-14 16:11:36,"RT @jimmyhawk9: ""Blind belief in authority is the greatest enemy of truth""!
- Albert Einstein.

#BLM
#mRNA
#MassVaccination
#Covid19
#Co‚Ä¶",3,Twitter Web App,
Sonjiüåøüè≥Ô∏è‚Äçüåà,1259479408080859137,"Seattle, WA",2020-05-10 13:44:38,"This bitch Kim Portter Gives me stormfront vibes, someone who‚Äôs been on the force for years, getting away with her‚Ä¶ https://t.co/6BLBXigSvf",0,Twitter for iPhone,
Brandey Bailey,213924195,Home ,2010-11-10 03:25:02,"Different day, different name, same story... #blm",0,Twitter for iPhone,
mynameisanjiüåûüè≥Ô∏è‚Äçüåàüåä‚ù§,16984627,"Lake Stevens, WA",2008-10-26 19:37:49,"Do white cops ever mistakenly use a gun instead of a taser on white guys they pull over for expired tabs?

Do white‚Ä¶ https://t.co/IacKYXSwoT",0,Twitter for Android,
Howard Wright,254251243,"Colorado, USA",2011-02-18 22:54:35,"RT @LiatBenZur: Another young black man killed.  And again, the world watches.  Yes, Accidents happen. But the black community cannot keep‚Ä¶",3,Twitter Web App,
Iamanamerican,1290391586464059392,Paradise,2020-08-03 20:58:37,RT @dgjohnsonm: @kare11 I don‚Äôt want to hear shit about looting and property destruction. The media needs to FOCUS on this young man and ho‚Ä¶,2,Twitter for iPad,
DesertLocoü™Üüü•‚ôÄÔ∏èüñ§üß°‚úåüèºüá∫üá≤,31071973,Cali,2009-04-14 06:14:34,"RT @BetsieGray: Looks like the #SummerOfLove gave birth to a bastard baby named #PsychoSpring

#Minneapolis #BLM #BurnLootMurder #Antifa

T‚Ä¶",2,Twitter for Android,
Tami Wolff,2963843562,Seattle WA USA,2015-01-07 20:02:02,I live in the American caste system. BIPOCs die in the American caste system. #BLM #AsianHate #WhitePrivilege‚Ä¶ https://t.co/QBkQGvV08M,0,Twitter Web App,
–ëüî∫—É–∂,1020394650920660992,"Seattle, WA",2018-07-20 19:46:57,"But until then NO JUSTICE, NO PEACE #blm #DaunteWright #DefundThePolice",0,Twitter for iPhone,
–ëüî∫—É–∂,1020394650920660992,"Seattle, WA",2018-07-20 19:46:57,"Remember when Emmeline Pankhurst, one of the biggest leaders of the woman‚Äôs suffrage movement said something along‚Ä¶ https://t.co/kprpGOeQSG",0,Twitter for iPhone,
Galileo,8983082,"Redmond, WA",2007-09-19 21:29:56,"RT @LiatBenZur: Another young black man killed.  And again, the world watches.  Yes, Accidents happen. But the black community cannot keep‚Ä¶",3,Twitter for iPhone,
Deborah Still Masking,1547526078,"Seattle, WA",2013-06-26 07:12:07,"@kylegriffin1 Is ‚Äúaccidental discharge‚Äù the new ‚Äúhe was having a bad day?‚Äù

#BLM #BlackLivesMatter",0,Twitter for iPhone,
Deborah Still Masking,1547526078,"Seattle, WA",2013-06-26 07:12:07,@kare11 I don‚Äôt want to hear shit about looting and property destruction. The media needs to FOCUS on this young ma‚Ä¶ https://t.co/V4T0z4ctSm,2,Twitter for iPhone,
Karyn,3712352532,"Bellevue, WA",2015-09-28 07:41:17,@TammyKOMO @komonews ‚Äú...marching through Seattle in solidarity...‚Äù talk about journalistic dishonesty... #seattle #Protests #antifa #BLM,0,Twitter for iPhone,
RC,36760113,"Seattle, WA",2009-04-30 20:18:10,"@CBSNews What a joke, the helicopter has a piece of the Wright Brothers plane... @NASA @smithsonian stop the racism‚Ä¶ https://t.co/WaIaI0nBO5",0,Twitter for Android,
Seattle Food Geek,20793194,"Seattle, WA",2009-02-13 18:32:36,"End qualified immunity, end police brutality.

#DerekChauvinTrial #blm #DaunteWright #seattle #laserprotest‚Ä¶ https://t.co/14p9GsJE6f",1,Twitter for Android,
Corey Lord üò∑,1251299532710838273,"Bellevue, WA",2020-04-18 00:15:52,Colored people are just like us! They DO NOT deserve to be hated and ridiculed by others for being! They do great t‚Ä¶ https://t.co/B2wpwcUVEk,0,Twitter for iPhone,
Nikita‚ôøÔ∏è,96833344,"Seattle, WA",2009-12-14 20:23:09,"NO EXCUSE FOR HIS DEATH, NONE!!! This has GOT to END!!! #BLM https://t.co/RpvNHmpztK",0,Twitter Web App,
liat benzur,73141191,"Seattle, WA",2009-09-10 15:28:49,"Another young black man killed.  And again, the world watches.  Yes, Accidents happen. But the black community cann‚Ä¶ https://t.co/e5vr7AMkEf",3,Twitter for iPhone,
Jane of the Waking Universe üá∫üá∏ü©∏ü¶∑,1583533650,Seattle,2013-07-10 16:58:42,"In bad faith, the right treat property damage by protesters as an out-of-the-blue escalation.

I‚Äôm reminding us th‚Ä¶ https://t.co/W3oQkT2XeG",0,Twitter for Mac,
Angela Smith,1179826438704230402,"Bothell, WA",2019-10-03 18:32:26,Daunte Wright‚Äôs Death &amp; America‚Äôs Broken Policing System | The Daily Soc... https://t.co/cC0QfrlQ2Z via @YouTube‚Ä¶ https://t.co/OINAmZh9vo,0,Twitter for iPhone,
Charles Bodi - 'Community Inclusion Manager',65522292,"Victoria, BC, Canada",2009-08-14 01:14:36,"@Adam_Stirling But if the suspect pulled the replica, resulting in getting shot/killed, @vicpdcanada would be under‚Ä¶ https://t.co/WoiJmAINbu",0,Twitter Web App,
James Johnson,1128332041949286400,Seattle,2019-05-14 16:11:36,RT @jimmyhawk9: @breezecast @tariqnasheed Thank you for your honest response. Two wrongs don't make a right. Many Black people are resentfu‚Ä¶,1,Twitter Web App,
Sarah Lawton,488961865,"Lake Stevens, WA",2012-02-11 01:29:33,I‚Äôm sick to my stomach. I‚Äôm sad for mother‚Äôs of black sons who have to teach their children a different set of rule‚Ä¶ https://t.co/YvKwTD7JKx,0,Twitter for iPhone,
DakotaKid,1902604117,"Seattle, WA",2013-09-25 02:34:03,"Get pulled over?
Play stupid games.
Win stupid prizes.
#Minnesota #blm #antifa",0,Twitter for Android,
WreckTalRaccoon,1135541815392833537,United States,2019-06-03 13:40:40,RT @mattdelacruz: New favorite shirt. Shout out to Mahogany Mommies for the shirt. Buy this and other products here: https://t.co/NWrGpO4RH‚Ä¶,1,WreckTalRaccoon,
Matt D.C.,23562316,"Seattle, WA",2009-03-10 05:49:19,New favorite shirt. Shout out to Mahogany Mommies for the shirt. Buy this and other products here:‚Ä¶ https://t.co/M8BJ1fX5IK,1,Twitter for iPhone,
#HighRiskCT #CovidisAirborne #VaxUp #MaskUp,2740338237,Home,2014-08-12 00:04:01,Sorry I‚Äôve been using the hashtag that misspelled #DaunteWright ‚Äòs name in previous quote tweets #BLM #PoliceReformNow,0,Twitter for iPhone,
James Johnson,1128332041949286400,Seattle,2019-05-14 16:11:36,"RT @jimmyhawk9: January 2020, when Donald Trump had been briefed that #COVID19 was a DEADLY AIRBORNE DISEASE WHICH WAS ASYMTOMATIC, He bein‚Ä¶",5,Twitter Web App,
#HighRiskCT #CovidisAirborne #VaxUp #MaskUp,2740338237,Home,2014-08-12 00:04:01,It‚Äôs not ‚Äòa loop‚Äô it‚Äôs structural racism and white supremacy #maddow @maddow @MaddowBlog #BLM #DaunteWright,0,Twitter for iPhone,
James Johnson,1128332041949286400,Seattle,2019-05-14 16:11:36,"RT @jimmyhawk9: @BusyDrT Ridiculous! Jesus would NOT have taken the Vaccine!
#BLM
#ChristianityCorruptedByWhiteSupremacy
#COVID19 https://‚Ä¶",1,Twitter Web App,
James Johnson,1128332041949286400,Seattle,2019-05-14 16:11:36,"RT @jimmyhawk9: The Face of White Privilege!

#TrumpsSocialPlatformRules
#BLM https://t.co/OaOlqUuvOU",11,Twitter Web App,
James Johnson,1128332041949286400,Seattle,2019-05-14 16:11:36,"The Police in America are GOP/Maga!
They voted for Trump, a White Supremacist. They are psychologically and morally‚Ä¶ https://t.co/xWf4QZC648",0,Twitter Web App,
Kince (he/him),63925145,"Seattle, WA",2009-08-08 06:54:37,"I honestly just wish we didn't keep having more and more names to say. üíî

#SayHisName #DaunteWright #BlackLivesMatter #BLM",1,Twitter for Android,
Riot at the Dojo,886393572240506880,"Bellingham, WA",2017-07-16 01:14:30,It‚Äôs murder. No qualifications or caveats. Plain and simple the police murdered an unarmed man. #DaunteWright #blm‚Ä¶ https://t.co/mgcZYgpWB3,0,Twitter for iPhone,
Corey Lord üò∑,1251299532710838273,"Bellevue, WA",2020-04-18 00:15:52,@KimMisslingdow @MoniqueR1103 @GinaMPotter1 @blackwomanvotes @KarenPurdy10 @ewjjr1 @abcrawford83 @tinagutierrez04‚Ä¶ https://t.co/Rj4gh5rXzH,0,Twitter for iPhone,
